﻿<?xml version="1.0" encoding="UTF-8"?>
<MyGUI>
	<Tag name="MyGUI_MessageBox_Ok">Ok</Tag>
	<Tag name="MyGUI_MessageBox_Yes">Да</Tag>
	<Tag name="MyGUI_MessageBox_No">Нет</Tag>
	<Tag name="MyGUI_MessageBox_Abort">Отмена</Tag>
	<Tag name="MyGUI_MessageBox_Retry">Повторить</Tag>
	<Tag name="MyGUI_MessageBox_Ignore">Пропустить</Tag>
	<Tag name="MyGUI_MessageBox_Cancel">Отмена</Tag>
	<Tag name="MyGUI_MessageBox_Try">Повторить</Tag>
	<Tag name="MyGUI_MessageBox_Continue">Продолжить</Tag>
</MyGUI>