<?xml version="1.0" encoding="UTF-8"?>

<MyGUI type="Resource" version="1.1">

  <Resource type="ResourceImageSet" name="pic_CoreMessageIcon">
    <Group name="Icons" texture="#{MyGUI_Theme_Texture}" size="50 50">
      <Index name="Info">
        <Frame point="0 203"/>
      </Index>
      <Index name="Quest">
        <Frame point="50 203"/>
      </Index>
      <Index name="Error">
        <Frame point="100 203"/>
      </Index>
      <Index name="Warning">
        <Frame point="150 203"/>
      </Index>
    </Group>
  </Resource>

  <Resource type="ResourceImageSet" name="pic_CorePointerArrow">
    <Group name="Pointer" texture="core_pointer.png" size="32 32">
      <Index name="Pointer" rate="0.15">
        <Frame point="13 11" count="30"/>
        <Frame point="13 52"/>
        <Frame point="56 52"/>
        <Frame point="91 52"/>
        <Frame point="56 52"/>
        <Frame point="13 52"/>
      </Index>
    </Group>
  </Resource>

  <Resource type="ResourceImageSet" name="pic_CorePointerBeam">
    <Group name="Pointer" texture="core_pointer.png" size="32 32">
      <Index name="Pointer" >
        <Frame point="45 8"/>
      </Index>
    </Group>
  </Resource>

  <Resource type="ResourceImageSet" name="pic_CorePointerSizeLeft">
    <Group name="Pointer" texture="core_pointer.png" size="32 32">
      <Index name="Pointer" >
        <Frame point="122 48"/>
      </Index>
    </Group>
  </Resource>

  <Resource type="ResourceImageSet" name="pic_CorePointerSizeRight">
    <Group name="Pointer"  texture="core_pointer.png" size="32 32">
      <Index name="Pointer" >
        <Frame point="160 48"/>
      </Index>
    </Group>
  </Resource>

  <Resource type="ResourceImageSet" name="pic_CorePointerSizeHorz">
    <Group name="Pointer"  texture="core_pointer.png" size="32 32">
      <Index name="Pointer" >
        <Frame point="123 87"/>
      </Index>
    </Group>
  </Resource>

  <Resource type="ResourceImageSet" name="pic_CorePointerSizeVert">
    <Group name="Pointer"  texture="core_pointer.png" size="32 32">
      <Index name="Pointer" >
        <Frame point="164 90"/>
      </Index>
    </Group>
  </Resource>

  <Resource type="ResourceImageSet" name="pic_CorePointerHand">
    <Group name="Pointer" texture="core_pointer.png" size="32 32">
      <Index name="Pointer" >
        <Frame point="154 11"/>
      </Index>
    </Group>
  </Resource>

	<Resource type="ResourceImageSet" name="pic_CorePointerLink">
		<Group name="Pointer" texture="core_pointer.png" size="32 32">
			<Index name="Pointer">
				<Frame point="91 11"/>
			</Index>
		</Group>
	</Resource>

	<Resource type="ResourceImageSet" name="pic_CoreMultiListIcon">
    <Group name="Icons" texture="#{MyGUI_Theme_Texture}" size="14 10">
      <Index name="None" >
        <Frame point="504 3"/>
      </Index>
      <Index name="Up" >
        <Frame point="504 15"/>
      </Index>
      <Index name="Down" >
        <Frame point="504 28"/>
      </Index>
    </Group>
  </Resource>

  <Resource type="ResourceImageSet" name="pic_CorePopupMenu">
    <Group name="Icons" texture="#{MyGUI_Theme_Texture}" size="12 14">
      <Index name="None" >
        <Frame point="505 60"/>
      </Index>
      <Index name="Popup" >
        <Frame point="505 44"/>
      </Index>
    </Group>
  </Resource>

</MyGUI>
